369803,alternative rock
369803,rock
369804,heavy metal
369804,rock
369805,pop rock
369805,rock
369806,classic rock
369806,hard rock
369806,prog rock
369806,rock
342842,alternative rock
342842,new wave
342842,pop rock
342842,rock
342842,pop
342836,thrash
342836,rock
342837,thrash
342837,rock
342838,thrash
342838,speed metal
342838,rock
342839,thrash
342839,rock
342840,thrash
342840,rock
342832,metalcore
342832,rock
342834,rock
342826,blues
342827,blues
342828,electric blues
342828,blues
342816,heavy metal
342816,rock
342817,alternative rock
342817,rock
342818,pop punk
342818,pop rock
342818,rock
342819,indie rock
342819,rock
342820,alternative rock
342820,rock
342812,pop rock
342812,rock
342813,blues rock
342813,hard rock
342813,rock
342814,hard rock
342814,pop rock
342814,rock
342807,alternative rock
342807,grunge
342807,rock
342808,alternative rock
342808,grunge
342808,rock
342809,alternative rock
342809,grunge
342809,rock
342810,alternative rock
342810,rock
342802,classic rock
342802,arena rock
342802,parody
342802,rock
342796,speed metal
342796,rock
342797,thrash
342797,heavy metal
342797,rock
342798,thrash
342798,rock
342799,funk metal
342799,hard rock
342799,hip hop
342799,rock
342790,alternative rock
342790,rock
342791,punk
342791,rock
342792,oi
342792,punk
342792,folk
342792,rock
342792,"folk, world, & country"
342793,pop punk
342793,celtic
342793,punk
342793,rock
342793,"folk, world, & country"
342794,lo-fi
342794,indie rock
342794,rock
342786,folk rock
342786,acoustic
342786,ethereal
342786,rock
342787,alternative rock
342787,folk rock
342787,rock
342788,alternative rock
342788,folk rock
342788,rock
342780,pop rock
342780,rock
342781,pop rock
342781,rock
342782,new wave
342782,rock
342782,pop
342776,nu metal
342776,rock
342778,alternative rock
342778,nu metal
342778,rock
342777,rock
342770,rock
342771,alternative rock
342771,rock
342772,alternative rock
342772,rock
342773,alternative rock
342773,rock
342766,hard rock
342766,rock
342767,hard rock
342767,alternative rock
342767,rock
342768,alternative rock
342768,rock
271479,funk metal
271479,nu metal
271479,rock
271480,alternative rock
271480,rock
271481,funk metal
271481,hard rock
271481,rock
295065,alternative rock
295065,rock
295066,hard rock
295066,rock
295067,rock
295070,blues rock
295070,classic rock
295070,rock
295071,electric blues
295071,rock
295072,blues rock
295072,psychedelic rock
295072,acid rock
295072,hard rock
295072,rock
295074,blues rock
295074,psychedelic rock
295074,rock
295075,modern electric blues
295075,psychedelic rock
295075,rock
295075,blues
295076,psychedelic rock
295076,rock
295076,blues
295078,blues rock
295078,psychedelic rock
295078,rock
295078,blues
295079,prog rock
295079,rock
295080,psychedelic rock
295080,rock
295082,psychedelic rock
295082,classic rock
295082,rock
295083,psychedelic rock
295083,blues rock
295083,rock
295084,psychedelic rock
295084,rock
295087,alternative rock
295087,hip hop
295087,rock
295088,alternative rock
295088,rock
295089,nu metal
295089,rock
295090,nu metal
295090,rock
295091,nu metal
295091,rock
295092,nu metal
295092,rock
295094,alternative rock
295094,acoustic
295094,grunge
295094,rock
295095,alternative rock
295095,hard rock
295095,rock
295096,grunge
295096,rock
295097,alternative rock
295097,grunge
295097,rock
295098,alternative rock
295098,grunge
295098,rock
342750,pop rock
342750,classic rock
342750,rock
342751,hard rock
342751,glam
342751,rock
342752,hard rock
342752,rock
342753,heavy metal
342753,rock
342755,alternative rock
342755,rock
342757,alternative rock
342757,grunge
342757,rock
342758,alternative rock
342758,grunge
342758,pop rock
342758,rock
342759,alternative rock
342759,grunge
342759,nu metal
342759,rock
342761,arena rock
342761,rock
342762,rock
342763,hard rock
342763,rock
342764,classic rock
342764,rock
342765,soft rock
342765,pop rock
342765,acoustic
342765,rock
295057,pop rock
295057,rock
295058,hard rock
295058,rock
295059,pop rock
295059,heavy metal
295059,arena rock
295059,hard rock
295059,rock
295060,hard rock
295060,pop rock
295060,rock
295051,hardcore
295051,heavy metal
295051,rock
295061,soft rock
295061,rock
295052,metalcore
295052,heavy metal
295052,rock
295053,heavy metal
295053,hard rock
295053,rock
295054,metalcore
295054,heavy metal
295054,rock
295055,hardcore
295055,heavy metal
295055,rock
258402,alternative rock
258402,indie rock
258402,rock
258403,alternative rock
258403,rock
258404,alternative rock
258404,rock
258405,alternative rock
258405,hard rock
258405,rock
258406,alternative rock
258406,rock
295045,pop rock
295045,rock
295046,alternative rock
295046,rock
295047,classic rock
295047,rock
295048,pop rock
295048,rock
295049,pop rock
295049,rock
295041,heavy metal
295041,rock
295042,rock
295035,indie rock
295035,rock
295036,alternative rock
295036,rock
295037,alternative rock
295037,electronic
295037,rock
295038,indie rock
295038,rock
295039,pop
295030,glam
295030,heavy metal
295030,rock
295031,hard rock
295031,rock
295032,arena rock
295032,rock
295033,glam
295033,rock
295034,hard rock
295034,heavy metal
295034,rock
295024,indie rock
295024,rock
295025,indie rock
295025,rock
295026,rock
295027,indie rock
295027,rock
295028,blues rock
295028,garage rock
295028,rock
295018,alternative rock
295018,rock
295019,hard rock
295019,rock
295020,hard rock
295020,rock
295021,hard rock
295021,rock
295022,hard rock
295022,rock
295012,pop rock
295012,arena rock
295012,rock
295013,aor
295013,arena rock
295013,rock
295014,arena rock
295014,classic rock
295014,rock
295015,hard rock
295015,pop rock
295015,vocal
295015,rock
295015,pop
295016,classic rock
295016,rock
295007,alternative rock
295007,rock
295008,rock
295010,alternative rock
295010,rock
295000,alternative rock
295000,rock
295002,alternative rock
295002,rock
295003,alternative rock
295003,rock
295004,alternative rock
295004,rock
294932,hard rock
294932,rock
294992,alternative rock
294992,acoustic
294992,rock
294992,reggae
294993,ska
294993,punk
294993,rock
294996,rock
294996,reggae
295063,funk metal
295063,hard rock
295063,rock
342756,alternative rock
342756,rock
295043,rock
295001,rock
294982,soft rock
294982,pop rock
294982,rock
294982,pop
294983,new wave
294983,synth-pop
294983,rock
294983,pop
294984,new wave
294984,synth-pop
294984,rock
294984,pop
294978,pop rock
294978,rock
294979,pop rock
294979,rock
294980,pop rock
294980,rock
294972,alternative rock
294972,rock
294973,alternative rock
294973,rock
294976,alternative rock
294976,indie rock
294976,rock
294968,thrash
294968,rock
294969,thrash
294969,death metal
294969,heavy metal
294969,rock
294970,thrash
294970,rock
294966,soul
294966,funk
294966,disco
294966,electronic
294966,funk / soul
294963,hard rock
294963,pop rock
294963,rock
294965,country rock
294965,classic rock
294965,rock
294967,pop rock
294967,rock
294953,rock
294954,nu metal
294954,rock
294955,nu metal
294955,hard rock
294955,alternative rock
294955,rock
294956,alternative rock
294956,rock
294959,garage rock
294959,rock
294960,garage rock
294960,rock
294943,hardcore
294943,punk
294943,rock
294944,alternative rock
294944,rock
294945,alternative rock
294945,emo
294945,punk
294945,rock
294946,alternative rock
294946,punk
294946,rock
294947,rock
294940,surf
294940,rock
294941,instrumental
294941,rock
294941,pop
294942,surf
294942,rock
294934,alternative rock
294934,rock
294935,nu metal
294935,hard rock
294935,rock
294936,heavy metal
294936,rock
294937,rock
294938,alternative rock
294938,rock
294929,downtempo
294929,soul
294929,electronic
294929,funk / soul
294930,electric blues
294930,classic rock
294930,rock
294930,blues
294931,classic rock
294931,rock
294923,punk
294923,rock
294925,punk
294925,rock
294926,punk
294926,rock
294927,punk
294927,rock
294913,alternative rock
294913,rock
294914,alternative rock
294914,rock
294915,alternative rock
294915,rock
294916,alternative rock
294916,rock
294909,stoner rock
294909,prog rock
294909,heavy metal
294909,rock
294910,math rock
294910,southern rock
294910,prog rock
294910,heavy metal
294910,rock
294911,stoner rock
294911,hardcore
294911,heavy metal
294911,sludge metal
294911,rock
294905,hip hop
294905,rock
294905,reggae
294905,funk / soul
294906,hip hop
294906,rock
294906,reggae
294906,funk / soul
294907,alternative rock
294907,funk metal
294907,rock
294900,hard rock
294900,rock
294901,hard rock
294901,rock
294902,alternative rock
294902,hard rock
294902,rock
294903,rock
271497,rock
271498,alternative rock
271498,rock
271499,pop rock
271499,alternative rock
271499,rock
271489,alternative rock
271489,breakbeat
271489,pop rock
271489,electronic
271489,rock
271490,alternative rock
271490,trip hop
271490,pop rock
271490,downtempo
271490,electronic
271490,rock
271491,alternative rock
271491,pop rock
271491,rock
271475,folk rock
271475,rock
271475,"folk, world, & country"
271476,folk rock
271476,rock
271477,folk rock
271477,rock
271470,punk
271470,rock
271471,emo
271471,punk
271471,rock
271464,alternative rock
271464,pop rock
271464,acoustic
271464,rock
271464,pop
271465,alternative rock
271465,pop rock
271465,rock
271466,pop rock
271466,rock
271467,alternative rock
271467,soft rock
271467,rock
271468,pop rock
271468,rock
271468,pop
271458,alternative rock
271458,pop punk
271458,rock
271458,pop
271459,alternative rock
271459,hardcore
271459,punk
271459,rock
271460,post-punk
271460,hardcore
271460,rock
271461,hardcore
271461,rock
271461,pop
271462,pop punk
271462,rock
271462,pop
271455,classic rock
271455,rock
271456,rock
271457,alternative rock
271457,nu metal
271457,post rock
271457,rock
271442,hard rock
271442,arena rock
271442,rock
271443,classic rock
271443,rock
271445,psychedelic rock
271445,rock
271446,classic rock
271446,rock
271447,classic rock
271447,psychedelic rock
271447,rock
271440,alternative rock
271440,rock
271449,rock
271450,punk
271450,rock
271451,punk
271451,rock
271452,alternative rock
271452,rock
271453,punk
271453,alternative rock
271453,rock
271422,rock
271423,hard rock
271423,pop rock
271423,rock
271424,hard rock
271424,glam
271424,rock
271426,alternative rock
271426,rock
271426,pop
271428,pop rock
271428,indie rock
271428,indie pop
271428,folk rock
271428,rock
271428,pop
271429,hard rock
271429,rock
271430,alternative rock
271430,rock
271418,nu metal
271418,rock
258408,alternative rock
258408,rock
258409,rock
258410,alternative rock
258410,power pop
258410,rock
258411,alternative rock
258411,rock
258411,pop
258412,alternative rock
258412,emo
258412,rock
258414,brit pop
258414,indie rock
258414,rock
258415,alternative rock
258415,brit pop
258415,rock
258416,brit pop
258416,indie rock
258416,rock
258417,acoustic
258417,indie rock
258417,brit pop
258417,rock
258417,pop
258418,brit pop
258418,rock
271410,hard rock
271410,rock
271411,hard rock
271411,classic rock
271411,rock
271413,hard rock
271413,rock
271414,hard rock
271414,rock
258392,alternative rock
258392,rock
258393,alternative rock
258393,rock
258394,alternative rock
258394,indie rock
258394,rock
258395,alternative rock
258395,rock
258396,alternative rock
258396,rock
258388,nu metal
258388,rock
258389,heavy metal
258389,rock
258390,heavy metal
258390,rock
258384,rock
258372,classic rock
258372,rock
258373,classic rock
258373,rock
258376,classic rock
258376,rock
258378,indie rock
258378,alternative rock
258378,rock
258379,alternative rock
258379,breaks
258379,abstract
258379,electronic
258379,rock
258380,alternative rock
258380,idm
258380,experimental
258380,electronic
258380,rock
258381,alternative rock
258381,rock
258382,alternative rock
258382,rock
258368,j-pop
258368,pop rock
258368,rock
258368,pop
258364,alternative rock
258364,power pop
258364,rock
258364,pop
258365,pop punk
258365,punk
258365,rock
258366,pop rock
258366,punk
258366,rock
258358,grunge
258358,rock
258359,alternative rock
258359,hard rock
258359,grunge
258359,rock
258360,rock
258361,hard rock
258361,rock
258362,grunge
258362,rock
258354,breakbeat
258354,breaks
258354,acid jazz
258354,electronic
258354,rock
258356,pop punk
258356,rock
258348,hard rock
258348,heavy metal
258348,rock
258349,heavy metal
258349,rock
258350,heavy metal
258350,rock
258351,heavy metal
258351,rock
258352,heavy metal
258352,rock
258342,alternative rock
258342,rock
258343,alternative rock
258343,rock
258344,alternative rock
258344,rock
258345,alternative rock
258345,rock
258346,alternative rock
258346,rock
248750,alternative rock
248750,rock
248753,psychedelic rock
248753,electronic
248753,rock
248754,folk rock
248754,alternative rock
248754,folk
248754,indie rock
248754,rock
248754,blues
248754,"folk, world, & country"
248755,garage rock
248755,punk
248755,rock
248756,alternative rock
248756,hard rock
248756,rock
248757,rock
342843,heavy metal
342843,hard rock
342843,rock
342844,rhythm & blues
342844,funk / soul
342846,stoner rock
342846,rock
342847,alternative rock
342847,rock
342848,alternative rock
342848,rock
342849,alternative rock
342849,stoner rock
342849,rock
342852,swing
342852,jazz
342852,rock
342853,pop rock
342853,arena rock
342853,rock
342854,rock & roll
342854,rock
342855,rock & roll
342855,rockabilly
342855,rock
342856,country rock
342856,rock
342858,heavy metal
342858,rock
342859,classic rock
342859,rock
369760,rock
369761,classic rock
369761,jazz-rock
369761,instrumental
369761,blues rock
369761,rock
369763,alternative rock
369763,rock
369764,hard rock
369764,rock
369765,alternative rock
369765,rock
369768,"folk, world, & country"
369769,country
369769,"folk, world, & country"
369770,"folk, world, & country"
369772,heavy metal
369772,rock
369773,rock & roll
369773,heavy metal
369773,rock
369774,heavy metal
369774,rock
369775,rock & roll
369775,heavy metal
369775,rock
369776,heavy metal
369776,hard rock
369776,rock
369778,southern rock
369778,rock
369780,classic rock
369780,rock
369783,pop rock
369783,rock
369785,alternative rock
369785,punk
369785,rock
369786,soul
369786,funk
369786,funk / soul
369786,pop
369788,alternative rock
369788,hard rock
369788,rock
369789,alternative rock
369789,hard rock
369789,rock
369790,alternative rock
369790,funk metal
369790,hard rock
369790,experimental
369790,rock
369791,alternative rock
369791,hard rock
369791,rock
369792,alternative rock
369792,hard rock
369792,rock
369794,rock & roll
369794,rock
369795,rock & roll
369795,rock
369796,surf
369796,rock
369798,rock & roll
369798,punk
369798,rock
369799,rock & roll
369799,punk
369799,rock
369800,rock & roll
369800,punk
369800,rock
369801,punk
369801,rock
369808,indie rock
369808,rock
369809,indie rock
369809,rock
369810,indie rock
369810,rock
369812,soul
369812,disco
369812,funk / soul
369813,soul
369813,funk
369813,funk / soul
369814,disco
369814,funk / soul
369816,alternative rock
369816,pop rock
369816,rock
369817,alternative rock
369817,emo
369817,rock
369818,punk
369818,rock
369820,psychedelic rock
369820,blues rock
369820,rock
369821,acid rock
369821,rock
369821,pop
369822,blues rock
369822,classic rock
369822,rock
369824,hard rock
369824,rock
369825,alternative rock
369825,rock
369829,alternative rock
369829,hardcore
369829,rock
390362,blues rock
390362,rock
390363,blues rock
390363,rock
390366,glam
390366,rock
390367,hard rock
390367,rock
390368,hard rock
390368,rock
390370,alternative rock
390370,pop punk
390370,rock
390370,pop
390371,pop punk
390371,rock
390371,pop
390372,pop punk
390372,punk
390372,rock
390372,pop
390374,prog rock
390374,rock
390375,emo
390375,punk
390375,rock
390376,new wave
390376,synth-pop
390376,electronic
390376,rock
390379,hard rock
390379,rock
390380,hard rock
390380,arena rock
390380,rock
390381,classic rock
390381,rock
390382,new wave
390382,rock
390384,punk
390384,rock
390385,punk
390385,ska
390385,rock
390387,punk
390387,rock
390390,blues rock
390390,rock
390390,blues
390391,rock
390392,rock
390392,blues
390393,blues rock
390393,indie rock
390393,rock
390394,blues rock
390394,rock
390402,alternative rock
390402,hard rock
390402,big beat
390402,electronic
390402,rock
390412,alternative rock
390412,rock
390413,alternative rock
390413,rock
390414,alternative rock
390414,rock
390415,alternative rock
390415,grunge
390415,rock
390415,pop
390416,alternative rock
390416,rock
390417,alternative rock
390417,hard rock
390417,grunge
390417,rock
390419,electro
390419,classic rock
390419,electronic
390419,rock
390420,pop rock
390420,alternative rock
390420,rock
390421,prog rock
390421,arena rock
390421,rock
390422,funk
390422,funk / soul
390430,interview
390430,thrash
390430,rock
390430,non-music
390431,thrash
390431,speed metal
390431,heavy metal
390431,rock
390433,rock
390434,rock
390436,pop rock
390436,rock
390437,southern rock
390437,arena rock
390437,rock
390438,southern rock
390438,rock
390440,alternative rock
390440,punk
390440,rock
390441,punk
390441,rock
390442,pop punk
390442,punk
390442,rock
390443,punk
390443,rock
390444,punk
390444,pop rock
390444,rock
390446,pop rock
390446,rock
390447,pop rock
390447,rock
390448,alternative rock
390448,rock
390452,ska
390452,rock
390452,reggae
390453,soul
390453,funk
390453,funk / soul
390453,pop
390454,pop rock
390454,rock
390456,emo
390456,punk
390456,rock
390457,emo
390457,rock
390458,emo
390458,alternative rock
390458,rock
390459,emo
390459,punk
390459,rock
436570,emo
436570,hard rock
436570,goth rock
436570,rock
436573,alternative rock
436573,rock
436574,alternative rock
436574,grunge
436574,rock
436575,alternative rock
436575,rock
436576,pop rock
436576,rock
436577,hard rock
436577,rock
436579,alternative rock
436579,rock
436580,alternative rock
436580,pop rock
436580,rock
436581,alternative rock
436581,rock
436582,alternative rock
436582,rock
436583,alternative rock
436583,rock
436585,experimental
436585,indie rock
436585,rock
436586,alternative rock
436586,rock
436587,indie rock
436587,alternative rock
436587,arena rock
436587,rock
436589,alternative rock
436589,interview
436589,pop rock
436589,rock
436589,non-music
436590,new wave
436590,synth-pop
436590,electronic
436590,rock
436591,classic rock
436591,blues rock
436591,rock
436592,rock & roll
436592,rock
436594,rock
436595,rock
436596,heavy metal
436596,southern rock
436596,rock
436598,hard rock
436598,rock
436599,hard rock
436599,heavy metal
436599,rock
436600,hard rock
436600,heavy metal
436600,electronic
436600,rock
436601,nu metal
436601,rock
436604,heavy metal
436604,rock
436605,hard rock
436605,rock
436606,synth-pop
436606,electronic
436606,rock
436608,heavy metal
436608,rock
436609,hard rock
436609,rock
436612,alternative rock
436612,punk
436612,rock
436614,punk
436614,rock
436615,hardcore
436615,punk
436615,rock
436618,pop rock
436618,rock
436619,folk rock
436619,indie rock
436619,rock
436619,pop
436621,classic rock
436621,rock
436627,rock
436628,alternative rock
436628,hard rock
436628,rock
436629,alternative rock
436629,hard rock
436629,rock
436631,alternative rock
436631,rock
436632,industrial
436632,electronic
436633,punk
436633,ska
436633,rock
436635,pop punk
436635,rock
436636,pop punk
436636,pop rock
436636,alternative rock
436636,rock
436637,punk
436637,pop rock
436637,rock
436638,pop rock
436638,alternative rock
436638,pop punk
436638,rock
436639,alternative rock
436639,rock
436641,pop rock
436641,rock
436642,alternative rock
436642,acoustic
436642,punk
436642,rock
436643,country
436643,"folk, world, & country"
436646,alternative rock
436646,rock
436647,alternative rock
436647,rock
436651,folk rock
436651,acoustic
436651,rock
436652,classic rock
436652,rock
436653,country
436653,"folk, world, & country"
436654,soundtrack
436654,pop rock
436654,soul
436654,rock
436654,funk / soul
436654,stage & screen
436660,rock
436661,alternative rock
436661,rock
436662,rock
436663,rock
436665,rock
436666,classic rock
436666,blues rock
436666,rock
436667,pop rock
436667,rock
492940,alternative rock
492940,punk
492940,rock
492941,alternative rock
492941,rock
492942,indie rock
492942,rock
492943,indie rock
492943,rock
492945,rock
492946,thrash
492946,rock
492947,indie rock
492947,rock
492948,classic rock
492948,rock
492950,punk
492950,rock
492951,alternative rock
492951,punk
492951,rock
492952,punk
492952,rock
492953,alternative rock
492953,punk
492953,rock
492955,alternative rock
492955,rock
492956,indie rock
492956,hip hop
492956,rock
492959,prog rock
492959,hard rock
492959,rock
492960,hard rock
492960,prog rock
492960,rock
492961,rock
492962,hard rock
492962,rock
492965,hard rock
492965,heavy metal
492965,rock
492966,interview
492966,rock & roll
492966,rock
492966,non-music
492968,alternative rock
492968,acoustic
492968,pop rock
492968,rock
492968,pop
492969,grunge
492969,nu metal
492969,rock
492970,rock & roll
492970,rock
492972,pop rock
492972,vocal
492972,rock
492973,new wave
492973,synth-pop
492973,electronic
492973,rock
492974,thrash
492974,punk
492974,heavy metal
492974,rock
492975,rock
492977,punk
492977,rock
492978,punk
492978,rock
492980,punk
492980,rock
492982,prog rock
492982,heavy metal
492982,rock
492984,prog rock
492984,heavy metal
492984,rock
492986,rock & roll
492986,rock
492987,funk / soul
492988,reggae-pop
492988,reggae
492989,soft rock
492989,pop rock
492989,rock
509630,conscious
509630,bass music
509630,thug rap
509630,g-funk
509630,rnb/swing
509630,hip hop
509631,pop rock
509631,indie rock
509631,rock
509631,pop
509633,indie rock
509633,rock
509634,rock
509635,alternative rock
509635,hard rock
509635,rock
509637,prog rock
509637,rock
509638,pop rock
509638,rock
509638,pop
509639,rock
509640,prog rock
509640,rock
509641,prog rock
509641,psychedelic rock
509641,rock
509643,industrial
509643,hard rock
509643,heavy metal
509643,alternative rock
509643,rock
509644,industrial
509644,heavy metal
509644,rock
509645,industrial
509645,heavy metal
509645,electronic
509645,rock
509646,industrial
509646,heavy metal
509646,rock
509651,alternative rock
509651,rock
509653,hard rock
509653,glam
509653,rock
509654,pop rock
509654,rock
509655,heavy metal
509655,rock
509657,soundtrack
509657,classic rock
509657,rock
509657,stage & screen
509659,blues rock
509659,rock
509659,blues
509660,blues rock
509660,texas blues
509660,electric blues
509660,rock
509661,rock
509661,blues
509663,blues
509665,alternative rock
509665,electronic
509665,hip hop
509665,rock
509665,funk / soul
509665,pop
509666,indie rock
509666,rock
509667,hard rock
509667,glam
509667,rock
509669,alternative rock
509669,rock
509670,alternative rock
509670,rock
509671,alternative rock
509671,rock
509672,alternative rock
509672,rock
509674,rockabilly
509674,rock
509676,alternative rock
509676,pop rock
509676,rock
509677,pop rock
509677,glam
509677,funk
509677,rock
509677,funk / soul
509679,country rock
509679,classic rock
509679,rock
509679,blues
509680,pop rock
509680,classic rock
509680,rock
509681,pop rock
509681,classic rock
509681,rock
509681,pop
509683,pop rock
509683,pop punk
509683,punk
509683,rock
509684,alternative rock
509684,pop rock
509684,rock
509685,punk
509685,alternative rock
509685,pop punk
509685,rock
509686,pop punk
509686,punk
509686,rock
509687,punk
509687,rock
509689,pop rock
509689,rock
509690,alternative rock
509690,classic rock
509690,rock
509691,pop rock
509691,rock
509692,rock
509692,pop
509693,pop rock
509693,rock
509695,psychedelic rock
509695,classic rock
509695,rock
509697,pop rock
509697,rock
509697,pop
509699,pop rock
509699,rock
509700,punk
509700,pop rock
509700,rock
509701,punk
509701,rock
509702,rock
509703,pop rock
509703,rock
509705,pop
509706,alternative rock
509706,soft rock
509706,pop rock
509706,rock
509706,pop
509707,synth-pop
509707,alternative rock
509707,electronic
509707,rock
509710,symphonic rock
509710,rock
509711,symphonic rock
509711,rock
509712,goth rock
509712,rock
509714,synth-pop
509714,ambient
509714,soundtrack
509714,rock
509714,pop
509714,stage & screen
509715,pop rock
509715,rock
509715,pop
509716,heavy metal
509716,rock
509718,alternative rock
509718,brit pop
509718,rock
509719,indie rock
509719,rock
509720,pop rock
509720,indie rock
509720,rock
509721,pop rock
509721,rock
509722,pop rock
509722,rock
509723,brit pop
509723,acoustic
509723,indie rock
509723,rock
509725,hip hop
509726,hip hop
509727,hip hop
509727,rock
509729,alternative rock
509729,rock
509730,pop rock
509730,synth-pop
509730,rock
509730,pop
509731,alternative rock
509731,indie rock
509731,rock
509732,classic rock
509732,psychedelic rock
509732,rock
509732,pop
509734,alternative rock
509734,pop rock
509734,rock
509734,pop
509736,punk
509736,pop rock
509736,rock
509737,alternative rock
509737,rock
509738,pop rock
509738,rock
509738,pop
509740,alternative rock
509740,rock
509741,soft rock
509741,rock
509742,alternative rock
509742,grunge
509742,rock
509744,hard rock
509744,rock
509745,hard rock
509745,rock
509746,hard rock
509746,rock
509747,hard rock
509747,arena rock
509747,heavy metal
509747,rock
509748,hard rock
509748,heavy metal
509748,rock
590171,punk
590171,rock
590173,alternative rock
590173,rock
590174,punk
590174,rock
590185,alternative rock
590185,rock
590186,hard rock
590186,rock
590187,alternative rock
590187,grunge
590187,rock
590188,rock
590190,pop
590190,"folk, world, & country"
590192,blues rock
590192,heavy metal
590192,rock
590193,alternative rock
590193,funk metal
590193,space rock
590193,hip hop
590193,rock
590193,reggae
590193,funk / soul
590195,roots reggae
590195,reggae
590196,roots reggae
590196,reggae
590197,reggae
590198,reggae
590199,dub
590199,reggae
590202,rock
590202,blues
590203,rock
590203,blues
590207,soul
590207,funk / soul
590208,classic rock
590208,rock
590209,house
590209,disco
590209,electronic
590209,funk / soul
590210,pop rock
590210,rock
590212,country rock
590212,pop rock
590212,rock
590213,country rock
590213,pop rock
590213,rock
590213,pop
590214,pop rock
590214,rock
590216,classic rock
590216,rock
590217,classic rock
590217,rock
590218,blues rock
590218,psychedelic rock
590218,rock
590219,psychedelic rock
590219,experimental
590219,jazz
590219,rock
590219,blues
590219,"folk, world, & country"
590220,classic rock
590220,rock
590223,classic rock
590223,rock
590224,classic rock
590224,rock
590226,pop rock
590226,punk
590226,rock
590227,pop rock
590227,punk
590227,rock
590228,punk
590228,pop rock
590228,rock
590230,surf
590230,rock
590231,surf
590231,rock
590232,surf
590232,rock & roll
590232,rock
590233,surf
590233,rock
590235,alternative rock
590235,rock
590236,alternative rock
590236,acoustic
590236,rock
590237,alternative rock
590237,rock
590238,alternative rock
590238,acoustic
590238,rock
590239,acoustic
590239,rock
590241,soundtrack
590241,country rock
590241,rock & roll
590241,rock
590241,blues
590241,"folk, world, & country"
590241,stage & screen
590242,hard rock
590242,glam
590242,rock
590243,thrash
590243,rock
590246,rhythm & blues
590246,rock
590246,blues
590247,alternative rock
590247,rock
590249,blues rock
590249,southern rock
590249,indie rock
590249,rock
590249,funk / soul
590249,blues
637691,pop rock
637691,rock
637692,vocal
637692,classic rock
637692,rock
637692,pop
637693,hard rock
637693,rock
637695,alternative rock
637695,garage rock
637695,post rock
637695,rock
637696,indie rock
637696,rock
637697,indie rock
637697,rock
637698,indie rock
637698,rock
637700,alternative rock
637700,rock
637701,brit pop
637701,indie rock
637701,rock
637702,pop rock
637702,rock
637704,industrial
637704,electronic
637704,rock
637705,rock
637706,industrial
637706,electronic
637708,rock
637709,pop rock
637709,classic rock
637709,rock
637710,psychedelic rock
637710,rock
637710,pop
637712,metalcore
637712,house
637712,electronic
637712,rock
637713,alternative rock
637713,classic rock
637713,rock
637713,blues
637714,pop
637714,"folk, world, & country"
637716,blues rock
637716,rock
637716,blues
637717,chicago blues
637717,blues
637718,chicago blues
637718,blues
637719,blues
637721,rock
637722,hard rock
637722,rock
637723,hard rock
637723,rock
637727,noise
637727,psychedelic rock
637727,experimental
637727,indie rock
637727,alternative rock
637727,rock
637731,alternative rock
637731,rock
637732,alternative rock
637732,pop rock
637732,rock
637733,alternative rock
637733,pop rock
637733,rock
637734,alternative rock
637734,rock
637736,hard rock
637736,rock
637737,pop rock
637737,rock
637738,pop rock
637738,rock
637740,post-hardcore
637740,rock
637742,punk
637742,rock
637744,ska
637744,punk
637744,rock
637745,heavy metal
637745,electronic
637745,rock
637746,grunge
637746,rock
637749,soul
637749,funk / soul
637750,soul
637750,funk / soul
637751,soul
637751,funk / soul
637752,soul
637752,funk / soul
637754,hard rock
637754,pop rock
637754,rock
637755,indie rock
637755,rock
637756,soft rock
637756,pop rock
637756,ballad
637756,rock
637756,pop
637758,pop rock
637758,rock
637759,classic rock
637759,rock
637760,classic rock
637760,rock
637762,power metal
637762,rock
637763,blues rock
637763,pop rock
637763,glam
637763,rock
637763,pop
637765,rock
637769,melodic death metal
637769,viking metal
637769,rock
637770,melodic death metal
637770,rock
637776,punk
637776,rock
637778,pop rock
637778,rock
637779,pop rock
637779,rock
637780,pop rock
637780,rock
637781,rock & roll
637781,indie rock
637781,rock
637782,pop rock
637782,soft rock
637782,rock
637782,pop
637784,hard rock
637784,rock
637786,heavy metal
637786,rock
637788,symphonic rock
637788,public service announcement
637788,rock
637788,non-music
637788,"folk, world, & country"
637789,symphonic rock
637789,rock
637794,pop rock
637794,rock
637794,pop
637795,pop rock
637795,classic rock
637795,rock
637796,blues rock
637796,rock
637797,blues rock
637797,pop rock
637797,rock
637798,pop rock
637798,rock
637800,hard rock
637800,grunge
637800,rock
637801,alternative rock
637801,grunge
637801,rock
637802,grunge
637802,rock
637804,grunge
637804,rock
637807,country
637807,"folk, world, & country"
637808,country
637808,"folk, world, & country"
637809,country
637809,"folk, world, & country"
637810,country
637810,rockabilly
637810,rock
637810,"folk, world, & country"
637811,"folk, world, & country"
637813,rock
637813,blues
637813,"folk, world, & country"
637814,country
637814,"folk, world, & country"
637815,country
637815,"folk, world, & country"
637816,"folk, world, & country"
637817,country
637817,rockabilly
637817,rock
637817,"folk, world, & country"
637820,pop punk
637820,rock
637821,rock
637822,punk
637822,indie rock
637822,rock
637823,pop
637824,indie rock
637824,rock
637826,pop rock
637826,rock
637827,punk
637827,rock
637828,alternative rock
637828,punk
637828,rock
637829,alternative rock
637829,punk
637829,rock
637830,punk
637830,rock
637832,bluegrass
637832,folk
637832,"folk, world, & country"
637833,folk
637833,bluegrass
637833,"folk, world, & country"
637834,folk
637834,rock
637834,pop
637834,"folk, world, & country"
637836,pop rock
637836,classic rock
637836,rock
637837,rock
637838,hard rock
637838,rock
637840,electro
637840,synth-pop
637840,electronic
637840,hip hop
637840,pop
637841,pop rock
637841,rock
637841,pop
637842,house
637842,electro
637842,electronic
637842,pop
637843,synth-pop
637843,house
637843,electronic
637843,pop
637845,thrash
637845,rock
637846,heavy metal
637846,rock
637847,thrash
637847,metalcore
637847,rock
637849,pop rock
637849,rock
637849,pop
753741,blues rock
753741,rock
753742,emo
753742,rock
753743,pop rock
753743,rock
753745,prog rock
753745,psychedelic rock
753745,rock
753746,psychedelic rock
753746,rock
753746,pop
753747,bubblegum
753747,pop
753749,country rock
753749,synth-pop
753749,electronic
753749,rock
753753,indie rock
753753,rock
753754,indie rock
753754,rock
753755,indie rock
753755,rock
753757,indie rock
753757,rock
753759,pop
753759,"folk, world, & country"
753761,pop rock
753761,synth-pop
753761,electronic
753761,rock
753762,pop rock
753762,rock
753763,pop rock
753763,rock
753769,pop rock
753769,rock
753770,grunge
753770,rock
753772,"folk, world, & country"
753774,brit pop
753774,pop rock
753774,rock
753775,alternative rock
753775,indie rock
753775,rock
753776,indie rock
753776,rock
753778,alternative rock
753778,rock
753779,pop rock
753779,rock
753779,pop
753780,alternative rock
753780,rock
753782,folk rock
753782,alternative rock
753782,rock
753783,alternative rock
753783,rock
753784,rock
753787,free funk
753787,disco
753787,funk / soul
753788,hard rock
753788,pop rock
753788,rock
753790,indie rock
753790,rock
753791,indie rock
753791,rock
753792,alternative rock
753792,rock
753793,indie rock
753793,post-punk
753793,rock
753795,thrash
753795,speed metal
753795,rock
753797,black metal
753797,rock
753799,contemporary jazz
753799,jazz
753800,contemporary jazz
753800,jazz
753801,contemporary jazz
753801,jazz
753804,alternative rock
753804,rock
753805,instrumental
753805,rock
753806,rock
753808,indie rock
753808,rock
753809,rock
753809,pop
753812,alternative rock
753812,idm
753812,experimental
753812,electronic
753812,rock
753813,alternative rock
753813,arena rock
753813,rock
753814,alternative rock
753814,rock
753816,classic rock
753816,punk
753816,rock
753817,hard rock
753817,rock
753818,hard rock
753818,rock
753820,rock
753821,classic rock
753821,rock
753821,pop
753822,punk
753822,new wave
753822,rock
753824,hip hop
753825,pop rap
753825,hip hop
753826,hip hop
753828,surf
753828,rock & roll
753828,rockabilly
753828,rock
753829,thrash
753829,speed metal
753829,rock
753830,soft rock
753830,pop rock
753830,rock
753831,soul-jazz
753831,jazz
753833,folk rock
753833,rock
753834,contemporary jazz
753834,vocal
753834,jazz
753843,hard rock
753843,rock
753844,arena rock
753844,blues rock
753844,rock
222122,new wave
222122,theme
222122,rock
222122,stage & screen
222120,power pop
222120,pop rock
222120,rock
222121,pop rock
222121,rock
222118,rock
222116,pop rock
222116,rock
206126,pop rock
206126,rock
206126,pop
222110,indie rock
222110,rock
222112,indie rock
222112,rock
222107,classic rock
222107,rock
222109,glam
222109,rock
222108,blues rock
222108,southern rock
222108,rock
206094,southern rock
206094,rock
206094,pop
206160,rock
222103,house
222103,electronic
222104,alternative rock
222104,new wave
222104,synth-pop
222104,electronic
222104,rock
222105,alternative rock
222105,rock
222100,classic rock
222100,rock
222101,alternative rock
222101,rock
222102,hard rock
222102,heavy metal
222102,rock
222096,alternative rock
222096,nu metal
222096,rock
222097,alternative rock
222097,rock
222098,alternative rock
222098,rock
222093,classic rock
222093,prog rock
222093,rock
222094,heavy metal
222094,rock
222095,hard rock
222095,classic rock
222095,rock
222090,new wave
222090,punk
222090,rock
222089,new wave
222089,punk
222089,rock
222091,rock
222081,rock
222080,classic rock
222080,rock
222082,power pop
222082,pop rock
222082,hard rock
222082,rock
206100,thrash
206100,speed metal
206100,heavy metal
206100,rock
222077,indie rock
222077,rock
222076,garage rock
222076,indie rock
222076,rock
222078,garage rock
222078,indie rock
222078,rock
222085,emo
222085,pop rock
222085,rock
222086,pop rock
222086,rock
222087,pop rock
222087,indie rock
222087,rock
222075,alternative rock
222075,pop rock
222075,rock
222073,rock
206111,grunge
206111,rock
206112,alternative rock
206112,grunge
206112,rock
222074,alternative rock
222074,rock
222069,samba
222069,classic rock
222069,rock
222069,latin
222070,rock
222064,hard rock
222064,grunge
222064,rock
222063,alternative rock
222063,rock
222066,alternative rock
222066,rock
222062,alternative rock
222062,rock
222058,pop rock
222058,rock
222059,alternative rock
222059,pop rock
222059,rock
222059,pop
222060,rock
222054,heavy metal
222054,thrash
222054,rock
222055,heavy metal
222055,rock
222056,heavy metal
222056,electronic
222056,rock
222052,funk
222052,disco
222052,funk / soul
222051,funk
222051,disco
222051,funk / soul
222050,p.funk
222050,funk / soul
206179,hard rock
206179,prog rock
206179,rock
206178,hard rock
206178,prog rock
206178,rock
222053,rock
222043,prog rock
222043,rock
222042,prog rock
222042,electronic
222042,rock
222042,pop
222042,"folk, world, & country"
222042,stage & screen
222041,prog rock
222041,rock
206176,heavy metal
206176,rock
206090,rock
206090,blues
206091,rock
206092,rock
206093,classic rock
206093,rock
206095,rock
206096,glam
206096,rock
206096,pop
206097,alternative rock
206097,rock
206098,indie rock
206098,electronic
206098,rock
206115,punk
206115,pop rock
206115,rock
206113,pop rock
206113,rock
206113,pop
206114,pop rock
206114,punk
206114,rock
206155,pop rock
206155,soul
206155,rock
206155,funk / soul
206155,pop
206124,synth-pop
206124,indie rock
206124,electronic
206124,rock
206124,pop
206125,alternative rock
206125,rock
206127,heavy metal
206127,rock
206128,heavy metal
206128,rock
206129,heavy metal
206129,rock
206131,pop rock
206131,rock
206132,pop rock
206132,rock
206132,pop
206133,pop rock
206133,rock
206135,alternative rock
206135,punk
206135,rock
206137,punk
206137,rock
206136,alternative rock
206136,punk
206136,rock
206140,alternative rock
206140,rock
206139,emo
206139,punk
206139,rock
206141,pop rock
206141,indie rock
206141,rock
206143,pop rock
206143,rock
206144,classic rock
206144,pop rock
206144,glam
206144,alternative rock
206144,industrial
206144,electronic
206144,rock
206146,classic rock
206146,rock
206147,rock
206150,pop rock
206150,rock
206151,pop rock
206151,rock
206152,rock
206153,heavy metal
206153,rock
206156,soul
206156,funk / soul
206157,rhythm & blues
206157,soul
206157,funk / soul
206158,blues rock
206158,southern rock
206158,rock
206161,soul
206161,funk / soul
206162,hard rock
206162,glam
206162,rock
206163,hard rock
206163,rock
206164,heavy metal
206164,rock
206165,classic rock
206165,rock
206166,house
206166,arena rock
206166,electronic
206166,rock
206119,hard rock
206119,rock
753848,modern electric blues
753848,blues
206118,pop rock
206118,rock
206117,alternative rock
206117,rock
206110,folk rock
206110,glam
206110,rock
206167,rock
206167,blues
206168,pop rock
206168,rock
206169,alternative rock
206169,rock
206109,classic rock
206109,rock
206108,classic rock
206108,rock
206149,hard rock
206149,heavy metal
206149,rock
206106,blues rock
206106,rock
206099,heavy metal
206099,rock
753856,alternative rock
753856,rock
753857,rock
753858,classic rock
753858,rock
753859,soft rock
753859,pop rock
753859,indie rock
753859,rock
753861,pop rock
753861,rock
753862,pop rock
753862,rock
753863,pop rock
753863,rock
753863,pop
753865,doom metal
753865,gothic metal
753865,rock
753866,hard rock
753866,rock
753867,hardcore
753867,rock
753869,heavy metal
753869,rock
753870,hard rock
753870,rock
753871,rock
753873,pop rock
753873,indie rock
753873,electronic
753873,rock
753873,pop
753874,pop rock
753874,rock
753874,pop
753875,indie rock
753875,rock
753877,rock
753878,indie rock
753878,rock
753879,new wave
753879,rock
753881,alternative rock
753881,conscious
753881,funk
753881,hip hop
753881,rock
753881,funk / soul
753882,punk
753882,rock
753883,surf
753883,pop rock
753883,rock
753885,country rock
753885,rock
753889,hard rock
753889,glam
753889,rock
753890,synth-pop
753890,electronic
753890,pop
753894,doom metal
753894,heavy metal
753894,rock
753895,doom metal
753895,heavy metal
753895,rock
753896,acid rock
753896,doom metal
753896,heavy metal
753896,rock
899782,arena rock
899782,classic rock
899782,pop rock
899782,rock
899783,hard rock
899783,classic rock
899783,glam
899783,rock
899784,pop rock
899784,classic rock
899784,rock
899785,soft rock
899785,pop rock
899785,hard rock
899785,rock
899787,pop rock
899787,rock
899788,roots reggae
899788,reggae
899789,hard rock
899789,heavy metal
899789,rock
899790,funk
899790,funk / soul
294974,power pop
294974,rock
294975,soft rock
294975,power pop
294975,rock
294924,alternative rock
294924,punk
294924,nu metal
294924,rock
271472,alternative rock
271472,rock
271473,alternative rock
271473,rock
271416,rock
271417,nu metal
271417,heavy metal
271417,rock
258374,classic rock
258374,rock
258375,pop rock
258375,rock
248752,pop rock
248752,rock
248752,pop
369779,southern rock
369779,rock
369828,alternative rock
369828,rock
390449,pop rock
390449,rock
436602,heavy metal
436602,hard rock
436602,rock
436648,alternative rock
436648,nu metal
436648,rock
436649,alternative rock
436649,rock
492964,new wave
492964,punk
492964,rock
509656,pop rock
509656,rock
509696,funk / soul
509735,progressive house
509735,breakbeat
509735,electronic
590204,alternative rock
590204,indie rock
590204,blues rock
590204,rock
590206,glam
590206,rock
590244,punk
590244,rock & roll
590244,rock
637728,country
637728,"folk, world, & country"
637730,alternative rock
637730,rock
637819,emo
637819,pop rock
637819,rock
753750,country
753750,soft rock
753750,ballad
753750,pop
753751,country rock
753751,synth-pop
753751,electronic
753751,rock
753758,indie rock
753758,rock
753758,pop
753803,pop rock
753803,power pop
753803,rock
753803,pop
222113,classic rock
222113,rock
222083,alternative rock
222083,rock
222084,pop rock
222084,rock
206175,heavy metal
206175,rock
206174,hard rock
206174,rock
206145,pop rock
206145,rock
206104,rock
206101,hard rock
206101,rock
753891,classic rock
753891,rock
390451,alternative rock
390451,rock
899792,rock
899793,rock & roll
899793,rhythm & blues
899793,rock
899793,funk / soul
899794,country
899794,pop
899794,"folk, world, & country"
899795,country
899795,pop
899795,"folk, world, & country"
899797,alternative rock
899797,emo
899797,rock
899798,alternative rock
899798,indie rock
899798,rock
899799,alternative rock
899799,indie rock
899799,rock
899801,hard rock
899801,glam
899801,classic rock
899801,rock
899802,classic rock
899802,rock
899803,pop rock
899803,classic rock
899803,rock
899805,heavy metal
899805,rock
899806,heavy metal
899806,rock
899807,heavy metal
899807,rock
899809,pop rock
899809,rock
899810,classic rock
899810,soundtrack
899810,theme
899810,rock
899810,stage & screen
899811,pop rock
899811,rock
899812,rock
899814,rock & roll
899814,rhythm & blues
899814,rock
899815,rock & roll
899815,rock
899816,rock & roll
899816,rock
342833,metalcore
342833,rock
342830,blues
342822,melodic death metal
342822,rock
342823,heavy metal
342823,speed metal
342823,death metal
342823,symphonic rock
342823,rock
342824,heavy metal
342824,speed metal
342824,death metal
342824,symphonic rock
342824,rock
342801,soundtrack
342801,arena rock
342801,rock
342801,stage & screen
342803,soundtrack
342803,arena rock
342803,rock
342803,stage & screen
342804,comedy
342804,parody
342804,heavy metal
342804,rock
342805,soundtrack
342805,arena rock
342805,rock
342805,stage & screen
342783,pop rock
342783,rock
342784,rock
342784,pop
342774,alternative rock
342774,rock
342754,hard rock
342754,heavy metal
342754,rock
295006,hard rock
295006,grunge
295006,rock
295009,alternative rock
295009,hard rock
295009,rock
294998,southern rock
294998,rock
294999,hard rock
294999,rock
294994,alternative rock
294994,ska
294994,punk
294994,rock
294995,punk
294995,ska
294995,rock
294961,rock
294961,pop
294917,alternative rock
294917,rock
271441,hard rock
271441,pop rock
271441,arena rock
271441,rock
271432,rock
271433,rock
271421,rock
271412,hard rock
271412,rock
258385,punk
258385,hard rock
258385,grunge
258385,rock
258355,rock
248751,blues
342850,stoner rock
342850,hard rock
342850,rock
369766,parody
369766,alternative rock
369766,rock
369784,hard rock
369784,rock
390360,alternative rock
390360,hardcore
390360,rock
390364,blues rock
390364,classic rock
390364,psychedelic rock
390364,rock
390364,blues
390377,hard rock
390377,heavy metal
390377,rock
390386,punk
390386,rock
390396,alternative rock
390396,hard rock
390396,rock
390397,alternative rock
390397,hard rock
390397,rock
390398,alternative rock
390398,hard rock
390398,rock
390403,acoustic
390403,heavy metal
390403,rock
390404,hard rock
390404,pop rock
390404,rock
390406,hard rock
390406,glam
390406,rock
390407,arena rock
390407,rock
390408,glam
390408,heavy metal
390408,rock
390409,heavy metal
390409,rock
390410,heavy metal
390410,glam
390410,rock
390424,alternative rock
390424,hard rock
390424,rock
390425,alternative rock
390425,rock
390426,alternative rock
390426,arena rock
390426,rock
390427,art rock
390427,hard rock
390427,arena rock
390427,prog rock
390427,rock
390428,rock
390428,pop
390432,heavy metal
390432,hard rock
390432,rock
436610,hard rock
436610,rock
436613,pop punk
436613,punk
436613,rock
436613,pop
436616,punk
436616,rock
436620,death metal
436620,rock
436623,rock
436624,hard rock
436624,heavy metal
436624,progressive metal
436624,rock
436625,heavy metal
436625,prog rock
436625,rock
436658,death metal
436658,experimental
436658,rock
436669,post-hardcore
436669,rock
492958,rock & roll
492958,rock
492979,punk
492979,rock
492983,prog rock
492983,heavy metal
492983,rock
509649,heavy metal
509649,rock
509662,rock
509662,blues
509708,hard rock
509708,funk metal
509708,alternative rock
509708,rock
590170,ska
590170,punk
590170,rock
590172,punk
590172,rock
590184,alternative rock
590184,grunge
590184,rock
590191,rock
590222,hardcore
590222,punk
590222,rock
590248,rock
637725,indie rock
637725,rock
637726,emo
637726,hardcore
637726,arena rock
637726,heavy metal
637726,rock
637741,hardcore
637741,emo
637741,rock
637747,hard rock
637747,rock
637767,melodic death metal
637767,rock
637768,death metal
637768,rock
637771,melodic death metal
637771,rock
637773,punk
637773,rock
637774,punk
637774,rock
637775,punk
637775,rock
637785,alternative rock
637785,hard rock
637785,classic rock
637785,rock
637790,europop
637790,electronic
637790,pop
637791,europop
637791,electronic
637791,pop
637792,symphonic rock
637792,rock
637803,alternative rock
637803,hard rock
637803,grunge
637803,rock
753765,melodic death metal
753765,rock
753766,melodic death metal
753766,rock
753786,hard rock
753786,classic rock
753786,rock
753796,death metal
753796,rock
753810,punk
753810,oi
753810,rock
753835,pop
753835,"folk, world, & country"
753845,arena rock
753845,blues rock
753845,rock
222114,alternative rock
222114,hard rock
222114,rock
222115,indie rock
222115,rock
222111,punk
222111,rock
206122,rhythm & blues
206122,funk / soul
206122,blues
753847,chicago blues
753847,blues
753849,hard bop
753849,jazz
206105,alternative rock
206105,blues rock
206105,lo-fi
206105,indie rock
206105,garage rock
206105,rock
753851,hardcore
753851,emo
753851,rock
753852,hardcore
753852,emo
753852,rock
753853,emo
753853,rock
753854,emo
753854,rock
753886,country
753886,"folk, world, & country"
753767,melodic death metal
753767,rock
294919,hard rock
294919,rock
294920,rock
294921,hard rock
294921,rock
436644,pop rock
436644,arena rock
436644,rock
222071,pop rock
222071,rock
222071,latin
222071,pop
206121,funk
206121,funk / soul
206121,blues
206123,blues
753740,southern rock
753740,rock
753893,hard rock
753893,rock
342829,classic rock
342829,rock
271439,experimental
271439,ambient
271439,electronic
271427,synth-pop
271427,disco
271427,electronic
271420,jazz
271420,non-music
271420,"folk, world, & country"
258399,free improvisation
258399,noise
258399,electronic
258400,death metal
258400,rock
369782,alternative rock
369782,rock
390400,indie rock
390400,rock
390401,garage house
390401,electronic
390401,pop
436656,soft rock
436656,rock
436656,pop
436657,alternative rock
436657,rock
509648,rock
509650,techno
509650,electronic
509675,g-funk
509675,hip hop
637764,thrash
637764,rock
753771,emo
753771,power pop
753771,pop rock
753771,rock
206159,psychedelic rock
206159,fusion
206159,goth rock
206159,folk
206159,ebm
206159,doom metal
206159,industrial
206159,breakbeat
206159,art rock
206159,experimental
206159,prog rock
206159,electronic
206159,jazz
206159,rock
206159,funk / soul
206159,non-music
206159,pop
206159,"folk, world, & country"
206088,country
206088,"folk, world, & country"
222065,bossa nova
222065,latin jazz
222065,jazz
222065,latin
